--Populating_library

INSERT INTO BOOK_AUTHORS VALUES('A0', 'Jonas Lakes');
INSERT INTO BOOK_AUTHORS VALUES('A1', 'Aiden Dextor');
INSERT INTO BOOK_AUTHORS VALUES('A2', 'Jonas Lakes');
INSERT INTO BOOK_AUTHORS VALUES('A3', 'Laila Danes');
INSERT INTO BOOK_AUTHORS VALUES('A4', 'Howard Kons');
INSERT INTO BOOK_AUTHORS VALUES('A5', 'James Ponsley');
INSERT INTO BOOK_AUTHORS VALUES('A6', 'James Ponsley');
INSERT INTO BOOK_AUTHORS VALUES('A7', 'Rasheeda Alim');
INSERT INTO BOOK_AUTHORS VALUES('A8', 'Aiden Dextor');
INSERT INTO BOOK_AUTHORS VALUES('A9', 'Kate Banks');
INSERT INTO BOOK_AUTHORS VALUES('B0', 'Jonas Lakes');
INSERT INTO BOOK_AUTHORS VALUES('B1', 'Aiden Dextor');
INSERT INTO BOOK_AUTHORS VALUES('B2', 'Jonas Lakes');
INSERT INTO BOOK_AUTHORS VALUES('B3', 'Laila Danes');
INSERT INTO BOOK_AUTHORS VALUES('B4', 'Howard Kons');
INSERT INTO BOOK_AUTHORS VALUES('B5', 'James Ponsley');
INSERT INTO BOOK_AUTHORS VALUES('B6', 'James Ponsley');
INSERT INTO BOOK_AUTHORS VALUES('B7', 'Rasheeda Alim');
INSERT INTO BOOK_AUTHORS VALUES('B8', 'Aiden Dextor');
INSERT INTO BOOK_AUTHORS VALUES('B9', 'Kate Banks');
INSERT INTO BOOK_AUTHORS VALUES('C0', 'Jonas Lakes');
INSERT INTO BOOK_AUTHORS VALUES('C1', 'Aiden Dextor');
INSERT INTO BOOK_AUTHORS VALUES('C2', 'Jonas Lakes');
INSERT INTO BOOK_AUTHORS VALUES('C3', 'Laila Danes');
INSERT INTO BOOK_AUTHORS VALUES('C4', 'Howard Kons');
INSERT INTO BOOK_AUTHORS VALUES('C5', 'James Ponsley');
INSERT INTO BOOK_AUTHORS VALUES('C6', 'James Ponsley');
INSERT INTO BOOK_AUTHORS VALUES('C7', 'Rasheeda Alim');
INSERT INTO BOOK_AUTHORS VALUES('C8', 'Aiden Dextor');
INSERT INTO BOOK_AUTHORS VALUES('C9', 'Kate Banks');

INSERT INTO PUBLISHERS VALUES('Monsanto', '123 Clark St.', '123-456-7890');
INSERT INTO PUBLISHERS VALUES('Jamisons', '123 Howard St.', '123-456-7810');
INSERT INTO PUBLISHERS VALUES('McGraw Hill', '321 Konroad St.', '123-456-7820');
INSERT INTO PUBLISHERS VALUES('Zephyr', '122 Lonrai Blvd.', '123-456-7830');
INSERT INTO PUBLISHERS VALUES('Olive', '147 Oakton St.', '123-456-7840');
INSERT INTO PUBLISHERS VALUES('Phoenix', '899 Dempster St.', '123-456-7850');
INSERT INTO PUBLISHERS VALUES('Reed', '832 Clames St.', '123-456-7860');
INSERT INTO PUBLISHERS VALUES('Dundurn', '941 Klands St.', '123-456-7870');
INSERT INTO PUBLISHERS VALUES('Tillbury', '999 Orion St.', '123-456-7880');
INSERT INTO PUBLISHERS VALUES('Harper', '341 Ace St.', '123-456-7190');

INSERT INTO BOOKS VALUES('A0', 'Beloved', 'Monsanto');
INSERT INTO BOOKS VALUES('A1', 'A New Dawn', 'Monsanto');
INSERT INTO BOOKS VALUES('A2', 'Quantum Physics 1', 'Monsanto');
INSERT INTO BOOKS VALUES('A3', 'Dynasty Falls', 'Jamisons');
INSERT INTO BOOKS VALUES('A4', 'Everlasting cores', 'Jamisons');
INSERT INTO BOOKS VALUES('A5', 'Destruction of the System', 'Jamisons');
INSERT INTO BOOKS VALUES('A6', 'Beauty of the Universe', 'McGraw Hill');
INSERT INTO BOOKS VALUES('A7', 'Botany 101', 'McGraw Hill');
INSERT INTO BOOKS VALUES('A8', 'Capitalism vs. Socialism', 'Zephyr');
INSERT INTO BOOKS VALUES('A9', 'Ingrid and the Bee', 'Olive');
INSERT INTO BOOKS VALUES('B0', 'Awakening', 'Olive');
INSERT INTO BOOKS VALUES('B1', 'Marketing Fundamentals', 'Olive');
INSERT INTO BOOKS VALUES('B2', 'James and the Peach', 'Phoenix');
INSERT INTO BOOKS VALUES('B3', 'New Form', 'Phoenix');
INSERT INTO BOOKS VALUES('B4', 'The City of Numbani', 'Phoenix');
INSERT INTO BOOKS VALUES('B5', 'Automation: Blessing or Curse', 'Reed');
INSERT INTO BOOKS VALUES('B6', 'Hope and Despair', 'Reed');
INSERT INTO BOOKS VALUES('B7', 'A Tale of Dragons', 'Reed');
INSERT INTO BOOKS VALUES('B8', 'Ignite the Revolution', 'Dundurn');
INSERT INTO BOOKS VALUES('B9', 'Serpants of the Galaxy', 'Dundurn');
INSERT INTO BOOKS VALUES('C0', 'Candy for Me, Candy for You', 'Tillbury');
INSERT INTO BOOKS VALUES('C1', 'Exercise Basics', 'Tillbury');
INSERT INTO BOOKS VALUES('C2', 'Nutrition Fundamentals', 'Tillbury');
INSERT INTO BOOKS VALUES('C3', 'Aesthetics vs. Substance', 'Tillbury');
INSERT INTO BOOKS VALUES('C4', 'Systems of Oppression', 'Harper');
INSERT INTO BOOKS VALUES('C5', 'Crisis 1', 'Harper');
INSERT INTO BOOKS VALUES('C6', 'Crisis 2', 'Harper');
INSERT INTO BOOKS VALUES('C7', 'Crisis 3', 'Harper');
INSERT INTO BOOKS VALUES('C8', 'Jumbo Traders', 'Harper');
INSERT INTO BOOKS VALUES('C9', 'Beginning of the End', 'Harper');

INSERT INTO BRANCHES VALUES('X01', 'Idea Spring', '111 Omni St.');
INSERT INTO BRANCHES VALUES('X02', 'Pathfinder', '187 Druskers Ave.');
INSERT INTO BRANCHES VALUES('X03', 'White Oak', '610 Ultima St.');

INSERT INTO BOOK_COPIES VALUES('A0', 'X01', 5);
INSERT INTO BOOK_COPIES VALUES('A1', 'X01', 6);
INSERT INTO BOOK_COPIES VALUES('A2', 'X01', 1);
INSERT INTO BOOK_COPIES VALUES('A3', 'X01', 2);
INSERT INTO BOOK_COPIES VALUES('A4', 'X01', 8);
INSERT INTO BOOK_COPIES VALUES('A5', 'X01', 0);
INSERT INTO BOOK_COPIES VALUES('A0', 'X02', 0);
INSERT INTO BOOK_COPIES VALUES('A1', 'X02', 1);
INSERT INTO BOOK_COPIES VALUES('A2', 'X02', 2);
INSERT INTO BOOK_COPIES VALUES('A3', 'X03', 5);
INSERT INTO BOOK_COPIES VALUES('A4', 'X03', 2);
INSERT INTO BOOK_COPIES VALUES('A5', 'X03', 1);
INSERT INTO BOOK_COPIES VALUES('A6', 'X01', 1);
INSERT INTO BOOK_COPIES VALUES('A7', 'X01', 1);
INSERT INTO BOOK_COPIES VALUES('A8', 'X01', 2);
INSERT INTO BOOK_COPIES VALUES('A9', 'X01', 5);
INSERT INTO BOOK_COPIES VALUES('B0', 'X02', 7);
INSERT INTO BOOK_COPIES VALUES('B1', 'X02', 6);
INSERT INTO BOOK_COPIES VALUES('B2', 'X02', 7);
INSERT INTO BOOK_COPIES VALUES('B3', 'X01', 2);
INSERT INTO BOOK_COPIES VALUES('B0', 'X03', 2);
INSERT INTO BOOK_COPIES VALUES('B1', 'X03', 2);
INSERT INTO BOOK_COPIES VALUES('B2', 'X03', 3);
INSERT INTO BOOK_COPIES VALUES('B3', 'X03', 3);
INSERT INTO BOOK_COPIES VALUES('B4', 'X01', 1);
INSERT INTO BOOK_COPIES VALUES('B5', 'X02', 0);
INSERT INTO BOOK_COPIES VALUES('B6', 'X02', 0);
INSERT INTO BOOK_COPIES VALUES('B7', 'X02', 0);
INSERT INTO BOOK_COPIES VALUES('B8', 'X02', 0);
INSERT INTO BOOK_COPIES VALUES('B9', 'X02', 2);
INSERT INTO BOOK_COPIES VALUES('C0', 'X02', 1);
INSERT INTO BOOK_COPIES VALUES('C1', 'X02', 1);
INSERT INTO BOOK_COPIES VALUES('C2', 'X02', 0);
INSERT INTO BOOK_COPIES VALUES('C3', 'X01', 1);
INSERT INTO BOOK_COPIES VALUES('C4', 'X01', 2);
INSERT INTO BOOK_COPIES VALUES('C5', 'X01', 2);
INSERT INTO BOOK_COPIES VALUES('C6', 'X01', 1);
INSERT INTO BOOK_COPIES VALUES('C7', 'X01', 2);
INSERT INTO BOOK_COPIES VALUES('C1', 'X03', 1);
INSERT INTO BOOK_COPIES VALUES('C2', 'X03', 2);
INSERT INTO BOOK_COPIES VALUES('C3', 'X03', 1);
INSERT INTO BOOK_COPIES VALUES('C4', 'X02', 1);
INSERT INTO BOOK_COPIES VALUES('C5', 'X02', 1);
INSERT INTO BOOK_COPIES VALUES('C6', 'X03', 0);
INSERT INTO BOOK_COPIES VALUES('C7', 'X03', 2);
INSERT INTO BOOK_COPIES VALUES('C8', 'X03', 0);
INSERT INTO BOOK_COPIES VALUES('C9', 'X03', 8);

INSERT INTO BORROWERS VALUES(12341, 'Simon Gones', '555 Lake St.', '321-123-4567', 1.25);
INSERT INTO BORROWERS VALUES(12342, 'Albert Cranes', '123 Oak St.', '321-124-4567', 1.25);
INSERT INTO BORROWERS VALUES(12343, 'Elia Hones', '321 Justice St.', '321-125-4567', 1.25);
INSERT INTO BORROWERS VALUES(12344, 'Aliza Hardt', '999 Howard Ave.', '321-126-4567', 1.25);
INSERT INTO BORROWERS VALUES(12345, 'Adrian Backson', '101 Crepes St.', '321-127-4567', 1.25);
INSERT INTO BORROWERS VALUES(12346, 'Jason Columbo', '910 Austin St.', '321-128-4567', 1.25);
INSERT INTO BORROWERS VALUES(12347, 'Anna Brighton', '100 Ames Ave.', '321-129-4567', 1.25);
INSERT INTO BORROWERS VALUES(12348, 'Karl Eingorn', '917 Lesnow St.', '322-123-4567', 1.25);
INSERT INTO BORROWERS VALUES(12349, 'Kassie Conrad', '129 Apex St.', '323-123-4567', 1.25);
INSERT INTO BORROWERS VALUES(12340, 'Wesly Beckham', '222 Klighton St.', '324-123-4567', 1.25);

INSERT INTO RENT_FREQUENCY VALUES('A0', 1);
INSERT INTO RENT_FREQUENCY VALUES('A1', 2);
INSERT INTO RENT_FREQUENCY VALUES('A2', 3);
INSERT INTO RENT_FREQUENCY VALUES('A3', 4);
INSERT INTO RENT_FREQUENCY VALUES('A4', 5);
INSERT INTO RENT_FREQUENCY VALUES('A5', 6);
INSERT INTO RENT_FREQUENCY VALUES('A6', 7);
INSERT INTO RENT_FREQUENCY VALUES('A7', 8);
INSERT INTO RENT_FREQUENCY VALUES('A8', 9);
INSERT INTO RENT_FREQUENCY VALUES('A9', 10);
INSERT INTO RENT_FREQUENCY VALUES('B0', 0);
INSERT INTO RENT_FREQUENCY VALUES('B1', 0);
INSERT INTO RENT_FREQUENCY VALUES('B2', 0);
INSERT INTO RENT_FREQUENCY VALUES('B3', 0);
INSERT INTO RENT_FREQUENCY VALUES('B4', 0);
INSERT INTO RENT_FREQUENCY VALUES('B5', 0);
INSERT INTO RENT_FREQUENCY VALUES('B6', 0);
INSERT INTO RENT_FREQUENCY VALUES('B7', 0);
INSERT INTO RENT_FREQUENCY VALUES('B8', 0);
INSERT INTO RENT_FREQUENCY VALUES('B9', 0);
INSERT INTO RENT_FREQUENCY VALUES('C0', 0);
INSERT INTO RENT_FREQUENCY VALUES('C1', 0);
INSERT INTO RENT_FREQUENCY VALUES('C2', 0);
INSERT INTO RENT_FREQUENCY VALUES('C3', 0);
INSERT INTO RENT_FREQUENCY VALUES('C4', 0);
INSERT INTO RENT_FREQUENCY VALUES('C5', 0);
INSERT INTO RENT_FREQUENCY VALUES('C6', 0);
INSERT INTO RENT_FREQUENCY VALUES('C7', 0);
INSERT INTO RENT_FREQUENCY VALUES('C8', 0);
INSERT INTO RENT_FREQUENCY VALUES('C9', 0);

INSERT INTO BOOK_LOANS VALUES('A0', 'X01', 12341, DATE '2022-08-07', DATE '2022-09-07', NULL);
INSERT INTO BOOK_LOANS VALUES('A1', 'X01', 12342, DATE '2022-05-03', DATE '2022-06-03', NULL);

COMMIT;